단어,품사
가게,명
가격03,명
가구03,명
가구04,명
가까워지다,동
가까이,부
가까이,명
가깝다,형
가꾸다,동
가끔,부
가난01,명
가난하다,형
가늘다,형
가능,명
가능성,명
가능하다,형
가능해지다,동
가다01,동
가다01,보
가득01,부
가득하다01,형
가득히,부
가라앉다,동
가려지다,동
가령05,부
가로01,명
가로등,명
가로막다,동
가로수,명
가루01,명
가르다,동
가르치다01,동
가르침,명
가리다02,동
가리다03,동
가리키다01,동
가만,부
가만있다,동
가만히,부
가뭄,명
가방01,명
가볍다,형
가사09,명
가상05,명
가수11,명
가스,명
가슴01,명
가슴속,명
가요02,명
가운데,명
가위01,명
가을01,명
가이드,명
가입,명
가입자,명
가입하다,동
가장01,부
가장07,명
가정06,명
가정07,명
가정교사,명
가져가다,동
가져다주다,동
가져오다,동
가족01,명
가죽01,명
가지01,명
가지04,의
가지다,동
가지다,보
가짜,명
가치06,명
가치관,명
가톨릭,명
가하다01,동
각01,관
각각01,부
각각01,명
각국,명
각기02,부
각오01,명
각자02,명
각자02,부
각종,명
간01,명
간08,명
간10,의
간격02,명
간단하다02,형
간단히,부
간부05,명
간섭,명
간식02,명
간신히,부
간장01,명
간접,명
간접적,명
간판02,명
간편하다,형
간호,명
간호사,명
간혹,부
갇히다,동
갈다01,동
갈다02,동
갈등,명
갈비01,명
갈비탕,명
갈색,명
갈수록,부
갈아입다,동
갈아타다,동
갈증,명
감01,명
감12,명
감각02,명
감기04,명
감다01,동
감다03,동
감독02,명
감동02,명
감동적,명
감사08,명
감사하다05,형
감사하다05,동
감상05,명
감상하다04,동
감소01,명
감소되다,동
감소하다,동
감수성02,명
감싸다,동
감옥02,명
감자01,명
감정06,명
감정적01,명
감추다,동
감히,부
갑05,명
갑자기,부
갑작스럽다,형
값,명
값싸다,형
강01,명
강남,명
강당,명
강도05,명
강도06,명
강력하다,형
강력히,부
강렬하다02,형
강물,명
강변01,명
강북,명
강사04,명
강수량,명
강아지,명
강요하다,동
강원도,고
강의02,명
강의하다02,동
강제01,명
강조02,명
강조하다,동
강하다02,형
강화하다02,동
갖가지,명
갖다01,동
갖다01,보
갖추다,동
같다,형
같이,부
같이하다,동
갚다,동
개03,명
개10,의
개개인,명
개구리,명
개국01,의
개나리01,명
개다01,동
개미03,명
개발되다,동
개발하다,동
개방04,명
개방되다,동
개방하다03,동
개별,명
개선01,명
개선되다01,동
개선하다01,동
개성03,명
개월,의
개인02,명
개인적,명
객관적,명
걔,불
거01,대
거01,의
거기01,대
거꾸로,부
거대하다,형
거두다,동
거들다01,동
거듭,부
거리01,명
거리02,의
거리08,명
거부하다,동
거실02,명
거액,명
거울01,명
거의01,부
거절하다01,동
거짓,명
거짓말,명
거치다01,동
거칠다,형
거품,명
걱정,명
걱정되다,동
걱정스럽다,형
걱정하다,동
건04,의
건강03,명
건강하다02,형
건너01,명
건너가다,동
건너다,동
건너오다,동
건너편,명
건넌방,명
건네다,동
건네주다,동
건드리다,동
건물03,명
건설,명
건설되다,동
건설하다,동
건전하다,형
건조04,명
건조하다02,형
건지다,동
건축01,명
걷기,명
걷다02,동
걷다03,동
걷다04,동
걸다02,동
걸리다01,동
걸어가다,동
걸어오다01,동
걸음,명
걸치다,동
검다02,형
검사02,명
검사03,명
검은색,명
검정색,명
검토,명
겁05,명
겁나다02,동
것01,의
겉01,명
게01,명
게다가,부
게시판,명
게으르다,형
게임,명
겨우,부
겨울,명
겨울철,명
겨자01,명
겪다,동
견디다,동
견해02,명
결과02,명
결과적,명
결국,명
결론02,명
결석01,명
결석하다,동
결승01,명
결심01,명
결심하다01,동
결정01,명
결정되다01,동
결정하다01,동
결코,부
결혼,명
결혼식,명
결혼하다,동
경계04,명
경고04,명
경고하다02,동
경기05,명
경기11,명
경기도,고
경기장,명
경력02,명
경복궁,고
경비02,명
경상도,고
경영02,명
경영하다01,동
경우03,명
경쟁,명
경쟁력,명
경제04,명
경제력,명
경제적,명
경제학,명
경주,고
경찰04,명
경찰관,명
경찰서,명
경치02,명
경향02,명
경험,명
경험하다,동
곁01,명
계곡01,명
계단04,명
계란,명
계산01,명
계산기,명
계산하다,동
계속04,부
계속되다02,동
계속하다03,동
계시다,보
계시다,동
계약,명
계절01,명
계좌02,명
계층,명
계획01,명
계획하다01,동
고개01,명
고개02,명
고객04,명
고교04,명
고구려,고
고구마,명
고궁01,명
고급02,명
고급스럽다,형
고기01,명
고등학교,명
고등학생,명
고려,고
고려하다01,동
고르다01,동
고르다03,형
고맙다01,형
고모01,명
고모부,명
고무신,명
고민,명
고민하다,동
고생,명
고생하다,동
고소하다01,형
고속02,명
고속도로,명
고속버스,명
고양이,명
고요하다,형
고작02,부
고장01,명
고장11,명
고전02,명
고집02,명
고집하다,동
고추01,명
고추장,명
고춧가루,명
고치다01,동
고통,명
고통스럽다,형
고프다,형
고함01,명
고향02,명
곡02,명
곡식,명
곤란하다,형
곧01,부
곧다01,형
곧바로,부
곧이어,부
곧잘,부
곧장,부
골14,명
골고루,부
골목01,명
골목길,명
골짜기01,명
골치01,명
골프,명
골프장,명
곰03,명
곱다02,형
곳01,명
곳곳,명
공01,명
공간05,명
공개02,명
공개하다,동
공격02,명
공격하다,동
공공02,명
공군02,명
공급02,명
공기06,명
공기07,명
공동02,명
공무원,명
공부01,명
공부하다,동
공사02,명
공식01,명
공식적,명
공업01,명
공연02,명
공연되다,동
공연장,명
공연하다02,동
공연히02,부
공원03,명
공장02,명
공주01,명
공중03,명
공중전화,명
공짜,명
공책01,명
공통,명
공통되다,동
공통적,명
공통점,명
공포08,명
공항02,명
공항버스,명
공해01,명
공휴일,명
과04,명
과10,명
과거02,명
과거03,명
과목02,명
과연01,부
과외,명
과일01,명
과자02,명
과장07,명
과정03,명
과정04,명
과제04,명
과학,명
과학자,명
과학적,명
관객,명
관계05,명
관계되다,동
관계없이,부
관계자,명
관광02,명
관광객,명
관광버스,명
관광지,명
관념02,명
관람,명
관람객,명
관련,명
관련되다,동
관련하다,동
관리01,명
관리04,명
관리하다,동
관습,명
관심01,명
관심사,명
관점02,명
관찰01,명
관찰하다,동
관하다02,동
광경,명
광고02,명
광장02,명
광주,고
괜찮다,형
괜히,부
괴로움,명
괴로워하다,동
괴롭다,형
괴롭히다,동
굉장하다,형
굉장히,부
교과서,명
교내01,명
교대01,명
교류01,명
교문01,명
교복01,명
교사09,명
교수06,명
교시03,의
교실,명
교양02,명
교외01,명
교육,명
교육비,명
교육자,명
교장03,명
교재01,명
교직04,명
교체01,명
교통01,명
교통사고,명
교포02,명
교환01,명
교환하다01,동
교회02,명
교훈02,명
구01,수
구15,명
구경01,명
구경하다,동
구두01,명
구르다01,동
구름01,명
구멍,명
구별02,명
구별되다,동
구별하다,동
구분06,명
구분되다,동
구분하다03,동
구석01,명
구석구석,명
구성07,명
구성되다,동
구성하다,동
구속02,명
구속되다,동
구속하다01,동
구십,수
구역04,명
구월02,명
구입03,명
구입하다03,동
구조08,명
구청02,명
구체적,명
구하다01,동
구하다03,동
국01,명
국가01,명
국가적,명
국기07,명
국내02,명
국내선,명
국내외,명
국립,명
국물,명
국민,명
국민적,명
국사03,명
국산,명
국수01,명
국어01,명
국왕,명
국적02,명
국제02,명
국제선,명
국제적,명
국제화,명
국회,명
국회의원,명
군04,의
군05,명
군06,명
군대03,명
군데,의
군사01,명
군사04,명
군인,명
굳다,형
굳어지다,동
굳이,부
굳히다,동
굵다,형
굶다,동
굽다01,동
굽히다,동
궁극적,명
궁금하다01,형
권01,의
권리,명
권위,명
권투01,명
권하다,동
귀01,명
귀가03,명
귀가하다01,동
귀국02,명
귀국하다,동
귀신01,명
귀엽다,형
귀중하다01,형
귀찮다,형
귀하다,형
귓속,명
규모,명
규정04,명
규칙02,명
규칙적,명
균형,명
귤,명
그01,대
그01,관
그02,감
그간,명
그거,대
그것,대
그곳,대
그나마,부
그날,명
그냥,부
그녀,대
그놈,대
그늘,명
그다음,명
그다지,부
그대,대
그대로,부
그동안,명
그때,명
그때그때,부
그래01,감
그래03,불
그래도,불
그래서,부
그래서,불
그래야,불
그래픽,명
그램,의
그러나,부
그러니까,부
그러다,동
그러면,부
그러므로,부
그러하다,형
그런01,관
그런대로,부
그런데,부
그럴듯하다,형
그럼01,부
그럼02,감
그렇게,불
그렇다,형
그렇지,감
그렇지만,부
그려지다,동
그루01,의
그룹01,명
그릇01,명
그리02,부
그리고,부
그리다02,동
그리로,부
그리움,명
그리워하다,동
그리하여,부
그림01,명
그림자,명
그립다,형
그만02,부
그만두다,동
그만큼,부
그만하다,형
그분,대
그사이,명
그야말로,부
그이01,대
그저,부
그저께,명
그전,명
그제서야,부
그제야,부
그중,명
그쪽,대
그치다,동
그토록,부
그해,명
극05,명
극복01,명
극복하다01,동
극작가,명
극장,명
극히,부
근거,명
근거하다,동
근교,명
근데01,부
근래,명
근로02,명
근로자,명
근무,명
근무하다,동
근본,명
근본적,명
근원,명
근육,명
근처,명
글,명
글쎄01,감
글쎄요,감
글쓰기,명
글씨,명
글자,명
긁다,동
금02,명
금06,명
금강산,고
금고02,명
금년,명
금메달,명
금방01,부
금세01,부
금액02,명
금연01,명
금요일,명
금지04,명
금지되다,동
금지하다,동
금하다02,동
급04,명
급격히,부
급속히,부
급증하다,동
급하다,형
급히,부
긋다01,동
긍정적,명
기13,명
기23,명
기간07,명
기계07,명
기관11,명
기구14,명
기구15,명
기기13,명
기념02,명
기념일,명
기념품,명
기념하다,동
기능01,명
기능03,명
기다01,동
기다리다,동
기대03,명
기대다01,동
기대되다,동
기대하다,동
기도03,명
기도하다02,동
기독교,명
기둥01,명
기록02,명
기록되다,동
기록하다,동
기르다,동
기름01,명
기막히다,형
기법01,명
기본,명
기본적,명
기분01,명
기뻐하다,동
기쁘다,형
기쁨,명
기사02,명
기사10,명
기성08,명
기성세대,명
기숙사,명
기술01,명
기술자,명
기술하다01,동
기억02,명
기억나다,동
기억되다,동
기억하다02,동
기업01,명
기업인,명
기여04,명
기여하다,동
기온,명
기운01,명
기울다,동
기울이다,동
기원05,명
기원전,명
기자05,명
기적03,명
기준03,명
기차01,명
기초06,명
기초적,명
기초하다03,동
기침01,명
기타01,명
기타02,명
기호01,명
기혼02,명
기회03,명
기획01,명
기후05,명
긴급,명
긴장,명
긴장감,명
긴장되다,동
긴장하다,동
길01,명
길가,명
길거리,명
길다02,형
길어지다,동
길이01,명
김01,명
김03,명
김04,의
김밥,명
김치01,명
김치찌개,명
김포공항,고
깊다,형
깊숙이,부
깊이01,명
깊이02,부
까다01,동
까닭,명
까만색,명
까맣다,형
까먹다,동
까치01,명
깍두기,명
깎다,동
깔끔하다,형
깔다,동
깔리다01,동
깜빡,부
깜짝02,부
깡패,명
깨끗이,부
깨끗하다,형
깨끗해지다,동
깨다01,동
깨다02,동
깨닫다,동
깨달음,명
깨뜨리다,동
깨소금,명
깨어나다,동
깨어지다,동
깨우다01,동
깨지다,동
꺼내다,동
꺼지다01,동
꺾다,동
껌,명
껍질,명
꼬리01,명
꼬마,명
꼭02,부
꼭03,부
꼭대기,명
꼴01,명
꼼꼼하다,형
꼼짝,부
꼽히다01,동
꽂다,동
꽃01,명
꽃씨,명
꽃잎,명
꽉,부
꽤01,부
꾸다01,동
꾸다02,동
꾸리다01,동
꾸미다,동
꾸준하다,형
꾸준히,부
꾸중,명
꿀,명
꿈01,명
꿈꾸다,동
꿈속,명
끄다01,동
끄덕이다,동
끈01,명
끊기다,동
끊다,동
끊어지다,동
끊임없다,형
끊임없이,부
끌다,동
끌리다,동
끌어당기다,동
끓다,동
끓이다01,동
끝01,명
끝나다,동
끝내,부
끝내다,동
끝없다,형
끝없이,부
끼01,명
끼다02,동
끼다03,동
끼어들다,동
끼우다01,동
나03,대
나가다,동
나가다,보
나누다,동
나누어지다,동
나뉘다,동
나다01,동
나다01,보
나들이01,명
나라01,명
나란히,부
나르다01,동
나름,의
나머지,명
나무01,명
나물01,명
나뭇가지,명
나뭇잎,명
나비03,명
나빠지다,동
나쁘다01,형
나서다,동
나아가다,동
나아지다,동
나오다,동
나이01,명
나중01,명
나침반,명
나타나다,동
나타내다,동
나흘,명
낙엽,명
낚시,명
낚시꾼,명
낚싯대,명
난리02,명
난방02,명
날01,명
날개01,명
날다01,동
날리다02,동
날씨01,명
날아가다,동
날아다니다,동
날아오다,동
날짜01,명
날카롭다,형
낡다01,형
남01,명
남02,명
남04,명
남기다,동
남녀,명
남다01,동
남대문,고
남대문시장,고
남동생,명
남매,명
남미,고
남부01,명
남북,명
남산,고
남성01,명
남자02,명
남쪽,명
남편01,명
남학생,명
납득하다,동
낫다01,동
낫다02,형
낭비,명
낮,명
낮다,형
낮아지다,동
낮추다,동
낯설다,형
낱말02,명
낳다01,동
내09,의
내과01,명
내내01,부
내년,명
내놓다,동
내다02,보
내다02,동
내다보다,동
내달,명
내려가다,동
내려놓다,동
내려다보다,동
내려오다,동
내려지다,동
내리다01,동
내밀다,동
내버리다,동
내보내다,동
내부04,명
내쉬다,동
내외01,명
내외02,명
내용02,명
내용물,명
내일,부
내일,명
내적01,명
내주다,동
내지01,부
내후년,명
냄비,명
냄새,명
냇물,명
냉동,명
냉면,명
냉방,명
냉장고,명
너01,대
너머,명
너무01,부
너무나,부
너희,대
넉01,관
넉넉하다,형
널리,부
넓다,형
넓어지다,동
넓히다,동
넘겨주다,동
넘기다,동
넘다01,동
넘어가다01,동
넘어뜨리다,동
넘어서다,동
넘어오다,동
넘어지다,동
넘치다,동
넣다,동
네02,관
네03,감
네거리,명
넥타이,명
넷01,수
넷째,관
넷째,수
녀석,의
년02,의
년대,의
년도,의
년생80,의
노동03,명
노동자,명
노란색,명
노랗다,형
노래01,명
노래방,명
노래하다,동
노랫소리,명
노력01,명
노력하다01,동
노선01,명
노인01,명
노트02,명
녹다01,동
녹색,명
녹음03,명
녹음하다,동
녹이다,동
녹차01,명
녹화03,명
논01,명
논리,명
논리적01,명
논문,명
논의하다,동
논쟁,명
논하다,동
놀다01,동
놀라다,동
놀랍다,형
놀리다01,동
놀이01,명
놀이터,명
놈01,의
농구07,명
농담01,명
농민,명
농부01,명
농사01,명
농사일,명
농사짓다,동
농산물,명
농업,명
농장05,명
농촌,명
높다,형
높아지다,동
높이01,명
높이02,부
높이다,동
놓다01,보
놓다01,동
놓아두다,동
놓이다,동
놓치다,동
놔두다,동
뇌03,명
누구,대
누나01,명
누르다01,동
눈01,명
눈04,명
눈가,명
눈감다,동
눈길01,명
눈동자,명
눈뜨다,동
눈물01,명
눈병,명
눈부시다,형
눈빛01,명
눈썹,명
눈앞,명
눕다01,동
뉴스,명
뉴욕,고
느껴지다,동
느끼다02,동
느낌,명
느리다01,형
늑대,명
늘,부
늘다01,동
늘리다,동
늘어나다,동
늘어놓다,동
늘어서다,동
늘어지다,동
늙다,동
능동적,명
능력02,명
늦가을,명
늦다,동
늦다,형
늦어지다,동
다03,부
다03,명
다가가다,동
다가서다,동
다가오다,동
다녀가다,동
다녀오다,동
다니다,동
다듬다,동
다루다01,동
다르다01,형
다른,관
다름없다,형
다리01,명
다리02,명
다만01,부
다방02,명
다섯,수
다섯째,관
다섯째,수
다소01,부
다수,명
다시01,부
다양성,명
다양하다01,형
다양해지다,동
다음01,명
다이어트,명
다정하다,형
다지다,동
다짐하다,동
다치다01,동
다투다,동
다툼,명
다하다,동
다행,명
다행히,부
닥치다01,동
닦다01,동
단06,명
단09,관
단계03,명
단골01,명
단단하다,형
단독02,명
단맛,명
단순02,명
단순하다,형
단순히,부
단어,명
단위02,명
단점01,명
단지04,부
단지08,명
단체02,명
단추01,명
단편01,명
단풍01,명
닫다02,동
닫히다,동
달05,명
달05,의
달걀,명
달다03,동
달다04,동
달다05,보
달다05,동
달다07,형
달라지다,동
달래다01,동
달러,명
달러,의
달려가다,동
달려들다,동
달려오다,동
달력,명
달리01,부
달리기,명
달리다01,동
달리다04,동
달리하다01,동
달빛,명
달아나다,동
닭,명
닭고기,명
닮다,동
담01,명
담그다,동
담기다01,동
담다01,동
담당,명
담당자,명
담당하다,동
담배,명
담요,명
담임,명
답03,명
답답하다,형
답변,명
답장,명
답하다,동
닷새,명
당근,명
당기다01,동
당당하다,형
당분간,부
당시02,명
당신02,대
당연하다01,형
당연히01,부
당장02,명
당하다01,동
당황하다,동
닿다01,동
대01,의
대01,명
대06,의
대11,의
대15,의
대가06,명
대강02,부
대개03,명
대개03,부
대구,고
대규모,명
대기07,명
대기업,명
대기하다04,동
대낮,명
대다01,동
대다수,명
대단하다,형
대단히,부
대답,명
대답하다,동
대도시,명
대략,부
대량01,명
대로01,의
대륙01,명
대문03,명
대부분,명
대비10,명
대비하다04,동
대사04,명
대사17,명
대사관,명
대상자03,명
대신03,명
대신하다,동
대여섯,관
대응02,명
대응하다,동
대입01,명
대전,고
대접05,명
대접하다,동
대중02,명
대중교통,명
대중문화,명
대중적,명
대책03,명
대처하다02,동
대체02,부
대체로,부
대출03,명
대충01,부
대통령,명
대표,명
대표적,명
대표하다,동
대하다02,동
대학01,명
대학교,명
대학교수,명
대학로,고
대학생,명
대학원,명
대한민국,고
대합실,명
대형04,명
대화06,명
대화하다02,동
대회02,명
댁01,명
댐02,명
더01,부
더구나01,부
더더욱,부
더러워지다,동
더럽다,형
더불다,동
더욱,부
더욱더,부
더욱이,부
더위,명
더하다,동
덕05,명
덕분,명
덕수궁,고
던지다,동
덜01,부
덜다01,동
덥다01,형
덧붙이다,동
덩어리,명
덮다,동
덮이다,동
데01,의
데려가다,동
데려오다,동
데리다,동
데우다01,동
데이트,명
도05,의
도10,명
도11,명
도구10,명
도달하다01,동
도대체,부
도덕,명
도둑01,명
도로01,부
도로07,명
도리어,부
도마01,명
도망02,명
도망가다,동
도망치다,동
도서관,명
도시03,명
도시락,명
도심04,명
도와주다,동
도움,명
도움말,명
도입,명
도자기,명
도장17,명
도저히,부
도전04,명
도중04,명
도착01,명
도착하다01,동
도쿄(동경),고
독감01,명
독립,명
독립하다,동
독서03,명
독일,고
독일어,명
독창적,명
독특하다,형
독하다,형
돈01,명
돌02,명
돌다,동
돌려주다,동
돌리다04,동
돌멩이,명
돌보다,동
돌아가다,동
돌아다니다,동
돌아보다,동
돌아서다,동
돌아오다,동
돕다,동
동09,관
동15,의
동그라미,명
동그랗다,형
동기04,명
동기07,명
동네,명
동대문,고
동대문시장,고
동료,명
동물,명
동물원,명
동부05,명
동생01,명
동서04,명
동서남북,명
동시02,명
동아리02,명
동안01,명
동양03,명
동양인,명
동의02,명
동의하다01,동
동일하다,형
동작03,명
동전05,명
동쪽,명
동창01,명
동포02,명
동행01,명
동화07,명
동화책,명
돼지,명
돼지고기,명
되게,부
되다01,동
되돌리다,동
되돌아가다,동
되돌아보다,동
되돌아오다,동
되살리다,동
되찾다,동
되풀이되다,동
되풀이하다01,동
된장,명
된장찌개,명
두01,관
두껍다,형
두께01,명
두뇌,명
두다01,동
두다01,보
두드러지다,형
두드리다,동
두려움,명
두려워하다,동
두렵다01,형
두르다,동
두리번거리다,동
두부01,명
두세,관
두어,관
두통,명
둘01,수
둘러보다,동
둘러싸다,동
둘러싸이다,동
둘째,수
둘째,관
둥글다01,형
둥지,명
뒤01,명
뒤늦다,형
뒤따르다,동
뒤지다02,동
뒤집다,동
뒤쪽01,명
뒤편,명
뒷골목,명
뒷모습,명
뒷문,명
뒷산,명
드디어,부
드라마,명
드러나다,동
드리다01,동
드리다01,보
드물다,형
듣다01,동
들01,명
들다01,보
들다01,동
들다04,동
들려오다,동
들려주다,동
들르다,동
들리다03,동
들어가다01,동
들어서다,동
들어오다,동
들어주다,동
들여놓다,동
들여다보다,동
들이다02,동
들이마시다02,동
들이켜다01,동
듯01,의
듯싶다,보
듯이01,의
듯하다,보
등01,명
등04,의
등05,의
등등01,의
등록01,명
등록금,명
등록증,명
등록하다01,동
등산,명
등산로,명
등장01,명
등장하다01,동
디스크,명
디자이너,명
디자인,명
따님,명
따다01,동
따뜻하다,형
따라가다,동
따라다니다,동
따라서,부
따라오다,동
따로,부
따로따로01,부
따르다01,동
따르다02,동
따스하다,형
딱02,부
딱03,부
딱딱하다01,형
딴03,관
딸01,명
딸기,명
딸아이,명
땀01,명
땅01,명
땅바닥,명
땅속,명
땅콩,명
때01,명
때02,명
때때로,부
때로,부
때리다01,동
때문,의
땜03,의
떠나가다,동
떠나다,동
떠나오다,동
떠들다01,동
떠들썩하다02,형
떠오르다,동
떠올리다,동
떡01,명
떡국,명
떡볶이,명
떨다01,동
떨리다01,동
떨어뜨리다,동
떨어지다,동
떼01,명
떼다01,동
또,부
또는,부
또다시,부
또한,부
똑같다,형
똑같이,부
똑똑하다,형
똑바로,부
뚜껑,명
뚫다,동
뚱뚱하다,형
뛰놀다,동
뛰다01,동
뛰다02,동
뛰어가다,동
뛰어나가다,동
뛰어나다,형
뛰어나오다,동
뛰어내리다,동
뛰어넘다,동
뛰어놀다,동
뛰어다니다,동
뛰어들다,동
뛰어오다,동
뛰어오르다,동
뜨겁다,형
뜨다01,동
뜨다03,동
뜨다05,동
뜯다,동
뜰01,명
뜻,명
뜻대로,부
뜻밖,명
뜻밖에,부
뜻하다,동
띄다01,동
띄우다02,동
라디오,명
라면01,명
라운드,명
라이벌,명
라이터,명
라인01,명
라켓,명
러시아,고
런던,고
레몬,명
레스토랑,명
레이저,명
레저,명
렌즈,명
로봇,명
로터리,명
리02,의
리그01,명
리듬,명
리터01,의
마구01,부
마누라01,명
마늘,명
마당,명
마당,의
마디01,명
마땅하다,형
마라톤,명
마련,의
마련,명
마련되다,동
마련하다,동
마루03,명
마르다01,동
마리01,의
마무리,명
마사지,명
마시다,동
마약,명
마요네즈,명
마을01,명
마음01,명
마음가짐,명
마음껏,부
마음대로,부
마음먹다,동
마음속,명
마음씨,명
마이크,명
마주01,부
마주치다,동
마중01,명
마지막,명
마찬가지,명
마찰,명
마치03,부
마치다02,동
마침02,부
마침내,부
마크,명
마흔,수
막01,부
막02,부
막걸리,명
막내,명
막다01,동
막상01,부
막히다,동
만01,의
만02,의
만06,관
만06,수
만07,관
만나다,동
만남,명
만두01,명
만들다,동
만들어지다,동
만만하다01,형
만세04,명
만약,명
만일01,명
만점,명
만족01,명
만족스럽다,형
만족하다,동
만족하다,형
만지다,동
만큼,의
만하다,보
만화10,명
만화가,명
많다,형
많아지다,동
많이,부
말01,명
말05,명
말11,의
말기05,명
말다01,동
말다03,동
말다03,보
말리다02,동
말리다03,동
말씀,명
말씀드리다,동
말씀하다,동
말없이,부
말투,명
말하다,동
맑다01,형
맘01,명
맘대로,부
맛01,명
맛보다01,동
맛없다,형
맛있다,형
망설이다,동
망원경,명
망치다,동
망하다,동
맞다01,동
맞다02,동
맞다03,동
맞서다,동
맞은편,명
맞이하다,동
맞추다01,동
맡기다,동
맡다01,동
맡다02,동
매01,명
매너,명
매년,부
매다01,동
매달,부
매달다,동
매달리다,동
매력,명
매번,부
매스컴,명
매우01,부
매일,부
매일,명
매장06,명
매주01,부
매체,명
맥주,명
맨01,관
맵다,형
맺다,동
머리01,명
머리말,명
머리카락,명
머리칼,명
머릿속,명
머무르다,동
머물다,동
먹고살다,동
먹다01,동
먹다02,보
먹다02,동
먹이,명
먹이다,동
먹히다,동
먼저,부
먼지01,명
멀다02,형
멀리01,부
멀어지다,동
멈추다,동
멋01,명
멋있다,형
멋지다,형
멍멍01,부
멎다01,동
메뉴,명
메다02,동
메모,명
메시지,명
메우다02,동
메일,명
며느리,명
며칠,명
면04,명
면05,명
면07,명
면담,명
면적,명
면접,명
면하다01,동
멸치,명
명03,의
명단01,명
명령01,명
명령어,명
명예01,명
명의02,명
명절01,명
명칭02,명
명함,명
명확하다,형
몇,수
몇,관
몇몇,관
몇십,관
모15,관
모15,대
모금01,의
모기01,명
모니터,명
모델,명
모두01,명
모두01,부
모든,관
모래01,명
모레,명
모르다,동
모범02,명
모색하다02,동
모습01,명
모시다,동
모양02,명
모양02,의
모여들다,동
모으다,동
모이다01,동
모임01,명
모자08,명
모자라다,동
모조리01,부
모집,명
모집하다,동
모처럼,부
모퉁이,명
목01,명
목걸이01,명
목록,명
목사05,명
목소리,명
목숨,명
목요일,명
목욕,명
목욕탕,명
목적03,명
목표,명
몰다01,동
몰래01,부
몰려들다,동
몰려오다,동
몸01,명
몸매,명
몸무게,명
몸살01,명
몸속,명
몸짓,명
몸통,명
몹시,부
못01,명
못04,부
못되다,형
못생기다,형
못지않다,형
못하다,동
못하다,형
못하다,보
묘사02,명
묘사하다,동
무02,명
무08,명
무겁다,형
무게,명
무관심,명
무관심하다,형
무궁화,명
무기05,명
무너지다,동
무늬,명
무대06,명
무더위,명
무덤,명
무덥다,형
무려02,부
무렵,의
무료01,명
무릎,명
무리01,명
무리08,명
무리하다,형
무사하다04,형
무섭다,형
무슨,관
무시하다,동
무어01,대
무엇,대
무역02,명
무용03,명
무용가,명
무의미하다,형
무조건,부
무지개,명
무책임하다,형
무척01,부
묵다01,동
묵다02,동
묶다,동
묶이다,동
문05,명
문구01,명
문득01,부
문밖,명
문법01,명
문서,명
문자02,명
문장02,명
문제06,명
문제되다,동
문제점,명
문학01,명
문학적,명
문화01,명
문화재,명
문화적,명
묻다01,동
묻다02,동
묻다03,동
묻히다01,동
묻히다02,동
물01,명
물가02,명
물건,명
물결,명
물고기,명
물기,명
물다02,동
물러나다,동
물론01,부
물론01,명
물리학,명
물속,명
물어보다,동
물음01,명
물질02,명
물질적,명
물체,명
뭐,대
뭐,감
뭘01,감
뭣,대
미14,명
미국,고
미끄러지다,동
미끄럽다,형
미니02,명
미디어,명
미래02,명
미루다,동
미리01,부
미만01,명
미사일,명
미소05,명
미술,명
미술관,명
미스03,명
미안하다,형
미역02,명
미용실,명
미움,명
미워하다,동
미인01,명
미처,부
미치다01,동
미치다02,동
미터02,의
미팅,명
미혼01,명
민간,명
민속01,명
민족,명
민주02,명
민주주의,명
민주화,명
믿다,동
믿어지다,동
믿음,명
밀가루,명
밀다01,동
밀리다01,동
밀리미터,의
밀접하다,형
밉다,형
및,부
밑01,명
밑바닥,명
바03,의
바04,명
바가지01,명
바구니,명
바깥,명
바깥쪽,명
바꾸다,동
바뀌다,동
바나나,명
바늘,명
바다,명
바닥01,명
바닷가,명
바닷물,명
바라다01,동
바라보다,동
바람01,의
바람01,명
바람02,명
바람직하다,형
바로02,부
바로잡다,동
바르다01,동
바르다03,형
바보,명
바쁘다,형
바싹01,부
바위01,명
바이러스,명
바이올린,명
바지01,명
바치다01,동
바퀴01,명
바퀴01,의
바탕01,명
박10,의
박다01,동
박물관,명
박사01,명
박수02,명
박스,명
박히다,동
밖,명
반07,명
반11,명
반갑다,형
반기다,동
반대03,명
반대편,명
반대하다01,동
반드시,부
반말,명
반면02,명
반발01,명
반복되다,동
반복하다01,동
반성01,명
반성하다01,동
반영하다,동
반응,명
반장08,명
반죽,명
반지02,명
반짝거리다,동
반짝이다,동
반찬,명
반하다03,동
받다01,동
받아들이다,동
받침,명
발01,명
발가락,명
발걸음,명
발견01,명
발견되다,동
발견하다01,동
발길,명
발끝,명
발달,명
발달되다,동
발달하다,동
발등,명
발레,명
발목01,명
발바닥,명
발생,명
발생하다,동
발음01,명
발음하다01,동
발자국,명
발전01,명
발전02,명
발전되다,동
발전하다01,동
발톱,명
발표01,명
발표되다,동
발표하다,동
발휘하다,동
밝다,동
밝다,형
밝아지다,동
밝혀내다,동
밝혀지다,동
밝히다,동
밟다,동
밤01,명
밤02,명
밤낮,명
밤늦다,형
밤새02,명
밤새다,동
밤새우다,동
밤색,명
밤중,명
밤하늘,명
밥01,명
밥그릇,명
밥맛,명
밥상,명
밥솥,명
방07,명
방금01,부
방면01,명
방문02,명
방문03,명
방문하다,동
방바닥,명
방법,명
방송01,명
방송국,명
방송사,명
방송하다01,동
방식01,명
방안01,명
방울01,명
방울02,명
방지04,명
방지하다01,동
방학,명
방해01,명
방해하다,동
방향01,명
밭01,명
배01,명
배02,명
배03,명
배09,명
배경01,명
배고프다,형
배구06,명
배꼽,명
배다01,동
배달02,명
배드민턴,명
배부르다,형
배우01,명
배우다01,동
배우자02,명
배추01,명
배추김치,명
배치03,명
백05,수
백05,관
백두산,고
백색01,명
백성,명
백인01,명
백제,고
백화점,명
뱀,명
뱃사람,명
뱉다,동
버려지다,동
버릇01,명
버리다01,동
버리다01,보
버섯02,명
버스02,명
버터,명
버튼,명
버티다,동
번04,의
번개01,명
번거롭다,형
번역,명
번역하다,동
번지03,명
번째,의
번호02,명
벌02,의
벌03,명
벌06,명
벌금,명
벌다02,동
벌떡,부
벌레01,명
벌리다01,동
벌써,부
벌어지다01,동
벌어지다02,동
벌이다,동
범위,명
범인02,명
범죄,명
법01,명
법01,의
법률,명
법원01,명
법적01,명
법칙,명
벗기다02,동
벗다,동
베개,명
베다02,동
베이징(북경),고
벤치,명
벨트,명
벼01,명
벽06,명
변경04,명
변동,명
변명01,명
변신01,명
변하다,동
변호사,명
변화,명
변화되다,동
변화하다,동
별01,명
별02,관
별다르다,형
별도01,명
별로01,부
별명01,명
별일,명
병04,명
병05,명
병들다,동
병실02,명
병아리,명
병원02,명
보고03,명
보고서,명
보고하다02,동
보관01,명
보관하다,동
보내다,동
보내오다,동
보너스,명
보다01,보
보다01,동
보다02,부
보도04,명
보도되다,동
보도하다02,동
보라색,명
보람,명
보름01,명
보리01,명
보살피다,동
보상02,명
보수06,명
보수11,명
보수적,명
보안01,명
보완하다,동
보이다01,동
보이다02,동
보자기02,명
보장01,명
보장되다,동
보장하다01,동
보전03,명
보조02,명
보존,명
보존하다,동
보충하다,동
보통,부
보통,명
보편적,명
보험,명
보호01,명
보호되다,동
보호하다,동
복13,명
복도04,명
복사09,명
복사기,명
복사하다03,동
복숭아,명
복습,명
복습하다,동
복잡하다,형
볶다,동
볶음,명
볶음밥,명
본03,관
본격적,명
본래,명
본부03,명
본사03,명
본성02,명
본인,명
본질02,명
볼01,명
볼링,명
볼일,명
볼펜02,명
봄01,명
봉사03,명
봉사하다01,동
봉지06,명
봉투02,명
뵈다01,동
뵈다02,동
뵙다,동
부15,의
부15,명
부17,명
부근03,명
부끄러움,명
부끄럽다,형
부담01,명
부담하다01,동
부대08,명
부동산,명
부드럽다,형
부딪치다,동
부딪히다,동
부러워하다,동
부러지다,동
부럽다,형
부르다01,동
부르다02,형
부모01,명
부모님,명
부문06,명
부부03,명
부분01,명
부분적,명
부산,고
부상05,명
부서12,명
부서지다,동
부엌,명
부위04,명
부인01,명
부인04,명
부자08,명
부작용,명
부잣집,명
부장07,명
부재03,명
부정02,명
부정적,명
부정하다06,동
부족01,명
부족05,명
부족하다,형
부지런하다,형
부지런히,부
부채01,명
부처04,명
부치다02,동
부친,명
부탁,명
부탁하다,동
부품,명
부피,명
부회장,명
북07,명
북부01,명
북쪽,명
북한,고
분01,의
분08,의
분노,명
분량,명
분리04,명
분리되다,동
분리하다03,동
분명01,부
분명하다01,형
분명해지다,동
분명히,부
분석02,명
분석하다02,동
분야,명
분위기,명
분주하다05,형
분포하다02,동
분필03,명
분홍색,명
불01,명
불가능하다,형
불가피하다,형
불고기,명
불과01,부
불과하다,형
불교,명
불구하다02,동
불꽃01,명
불다01,동
불러일으키다,동
불리다04,동
불리다07,동
불리하다,형
불만,명
불법01,명
불법02,명
불빛,명
불쌍하다,형
불안01,명
불안하다,형
불어오다,동
불완전하다,형
불이익,명
불편01,명
불편하다01,형
불평01,명
불평등하다,형
불필요하다,형
불행,명
불행하다,형
불확실하다,형
붉다01,형
붐비다,동
붓다01,동
붓다02,동
붙다,동
붙들다,동
붙이다,동
붙잡다,동
붙잡히다,동
브랜드,명
블라우스,명
비01,명
비19,명
비교01,명
비교적,부
비교하다,동
비극,명
비기다01,동
비난,명
비누,명
비닐,명
비닐봉지,명
비다01,동
비둘기,명
비디오,명
비로소,부
비롯되다,동
비롯하다,동
비만01,명
비명02,명
비밀,명
비바람,명
비비다,동
비빔밥,명
비상01,명
비서05,명
비슷하다02,형
비싸다,형
비용03,명
비우다01,동
비웃다,동
비율02,명
비중01,명
비추다,동
비치다01,동
비키다,동
비타민,명
비판01,명
비판적,명
비판하다,동
비하다,동
비행02,명
비행03,명
비행기,명
비행장,명
빌다01,동
빌딩,명
빌리다,동
빗01,명
빗물,명
빗방울,명
빗줄기,명
빚,명
빛,명
빛깔,명
빛나다,동
빠뜨리다,동
빠르다,형
빠져나가다,동
빠져나오다,동
빠지다01,동
빠지다02,동
빨간색,명
빨갛다,형
빨다01,동
빨다02,동
빨래,명
빨리,부
빵01,명
빼놓다,동
빼다01,동
빼앗기다,동
빼앗다,동
뺏다,동
뺨,명
뻔하다01,보
뻔하다02,형
뻗다,동
뼈,명
뽑다,동
뽑히다,동
뿌리,명
뿌리다,동
뿌리치다,동
뿐01,의
사11,수
사건01,명
사계절,명
사고12,명
사고14,명
사과05,명
사과08,명
사과하다02,동
사귀다,동
사기01,명
사나이,명
사냥,명
사다,동
사들이다,동
사라지다,동
사람,명
사랑01,명
사랑스럽다,형
사랑하다,동
사례05,명
사립04,명
사망04,명
사망하다01,동
사모님,명
사무05,명
사무소,명
사무실,명
사무직,명
사물10,명
사방03,명
사상01,명
사생활,명
사설04,명
사소하다01,형
사슴01,명
사실04,명
사실04,부
사실상,부
사십,수
사업04,명
사업가,명
사업자,명
사용04,명
사용되다,동
사용자,명
사용하다03,동
사원04,명
사월02,명
사위01,명
사이01,명
사이사이,명
사이좋다,형
사자11,명
사장15,명
사전13,명
사전22,명
사정07,명
사진07,명
사진기02,명
사촌,명
사춘기,명
사탕02,명
사투리,명
사표07,명
사회07,명
사회생활,명
사회자,명
사회적,명
사회주의,명
사회학,명
사흘,명
산01,명
산길02,명
산부인과,명
산소03,명
산속,명
산업,명
산책,명
살01,명
살04,의
살다01,동
살리다,동
살림01,명
살아가다,동
살아나다,동
살아남다,동
살아오다,동
살인,명
살짝01,부
살펴보다,동
살피다01,동
삶,명
삶다,동
삼06,수
삼가다,동
삼계탕,명
삼국,명
삼다02,동
삼십,수
삼월,명
삼촌,명
삼키다,동
상02,명
상04,명
상23,명
상25,명
상관03,명
상관없다,형
상관없이,부
상금04,명
상담01,명
상당04,명
상당수,명
상당하다02,형
상당히,부
상대04,명
상대방02,명
상대성,명
상대적,명
상대편,명
상류,명
상반기,명
상상07,명
상상력01,명
상상하다03,동
상식06,명
상업02,명
상인07,명
상자10,명
상점,명
상징적,명
상징하다,동
상처02,명
상추01,명
상쾌하다,형
상태01,명
상표02,명
상품03,명
상하다02,동
상황02,명
새01,명
새03,명
새06,관
새기다01,동
새끼02,명
새다01,동
새로,부
새로이,부
새롭다,형
새벽01,명
새소리,명
새우02,명
새우다01,동
새해,명
색03,명
색깔,명
색다르다,형
색연필,명
샌드위치,명
생02,명
생각01,명
생각나다,동
생각되다,동
생각하다,동
생겨나다,동
생기01,명
생기다,동
생명,명
생물01,명
생방송,명
생산,명
생산되다,동
생산력,명
생산자,명
생산하다,동
생선,명
생신02,명
생일02,명
생활,명
생활비,명
생활수준,명
생활용품,명
생활하다,동
생활환경,명
샤워,명
서구02,명
서너,관
서늘하다,형
서다01,동
서두르다,동
서랍,명
서로01,부
서로01,명
서류02,명
서른,수
서명03,명
서명하다01,동
서민,명
서부01,명
서비스,명
서서히,부
서양,명
서양인,명
서울,고
서울역,고
서적02,명
서점03,명
서쪽,명
서클,명
서투르다,형
서툴다,형
석02,관
석10,의
석사01,명
석유01,명
섞다,동
섞이다,동
선14,명
선거04,명
선명하다02,형
선물03,명
선물하다,동
선배,명
선생01,명
선생님,명
선수05,명
선언하다,동
선원06,명
선장06,명
선전03,명
선정하다03,동
선진03,명
선진국,명
선택,명
선택하다,동
선풍기,명
선호하다01,동
설거지,명
설날,명
설득하다,동
설렁탕,명
설립하다,동
설명,명
설명되다,동
설명하다,동
설문01,명
설사02,부
설악산,고
설치02,명
설치되다01,동
설치하다01,동
설탕,명
섬03,명
섭섭하다01,형
섭씨,명
성06,명
성07,명
성08,명
성격02,명
성경03,명
성공01,명
성공적,명
성공하다,동
성당03,명
성립되다,동
성립하다,동
성명10,명
성별01,명
성숙하다,동
성실하다02,형
성인01,명
성장01,명
성장하다01,동
성적01,명
성적04,명
성질,명
성함,명
세01,관
세07,의
세13,의
세계02,명
세계관,명
세계적,명
세금01,명
세기03,명
세다02,동
세다03,형
세대02,명
세련되다,형
세로01,명
세미나,명
세상01,명
세상에,감
세수04,명
세우다01,동
세워지다,동
세월02,명
세제04,명
세종대왕,고
세탁,명
세탁기,명
세탁소,명
세트,명
섹시하다,형
센터02,명
센티미터,의
셈01,의
셋,수
셋째,관
셋째,수
소03,명
소개02,명
소개되다,동
소개하다01,동
소규모,명
소극적,명
소금01,명
소나기01,명
소나무,명
소녀02,명
소년01,명
소득,명
소리01,명
소리치다,동
소망03,명
소매01,명
소문02,명
소문나다,동
소박하다01,형
소비05,명
소비자,명
소비하다,동
소설03,명
소설가,명
소속01,명
소수08,명
소스01,명
소시지,명
소식04,명
소아과,명
소요되다,동
소용07,명
소용없다,형
소원04,명
소위06,부
소유03,명
소유자,명
소유하다01,동
소음06,명
소재05,명
소주05,명
소중하다,형
소중히,부
소지품,명
소질03,명
소파06,명
소포01,명
소풍02,명
소프트웨어,명
소형03,명
소홀히,부
소화06,명
소화하다01,동
속01,명
속담,명
속도01,명
속마음,명
속삭이다,동
속상하다02,형
속옷,명
속이다,동
속하다02,동
손01,명
손가락,명
손길,명
손녀,명
손님,명
손등01,명
손목,명
손바닥,명
손발,명
손뼉,명
손수01,부
손수건,명
손쉽다,형
손실,명
손자01,명
손잡다,동
손잡이,명
손질,명
손질하다,동
손톱01,명
손해,명
솔직하다,형
솔직히,부
솜,명
솜씨,명
솟다01,동
송아지,명
송이01,명
송편,명
쇠01,명
쇠고기,명
쇼02,명
쇼핑,명
수02,의
수02,명
수26,명
수건,명
수고01,명
수고하다01,동
수년02,명
수단01,명
수도09,명
수도권,명
수도꼭지,명
수돗물,명
수동적02,명
수리하다02,동
수만,관
수많다,형
수면07,명
수명05,명
수박01,명
수백04,관
수상09,명
수석02,명
수술05,명
수시로,부
수십,관
수업03,명
수업04,명
수없이,부
수염04,명
수영02,명
수영장,명
수요06,명
수요일,명
수입01,명
수입02,명
수입되다02,동
수입품02,명
수입하다02,동
수저01,명
수준,명
수집02,명
수집하다02,동
수천07,관
수출03,명
수출하다03,동
수컷,명
수표01,명
수필04,명
수학03,명
수학05,명
수행하다02,동
수험생,명
수화기,명
숙녀,명
숙소02,명
숙이다,동
숙제03,명
순간03,명
순간적,명
순서,명
순수03,명
순수하다02,형
순식간,명
순위,명
순진하다01,형
순하다02,형
숟가락,명
술01,명
술06,의
술병02,명
술자리,명
술잔,명
술집,명
숨01,명
숨기다,동
숨다01,동
숨지다,동
숫자,명
숲01,명
쉬다03,동
쉬다04,동
쉰,수
쉽다,형
슈퍼마켓,명
스님,명
스무,관
스물,수
스스로,부
스스로,명
스승01,명
스웨터,명
스위치,명
스치다01,동
스케이트,명
스케줄,명
스키,명
스키장,명
스타,명
스타일,명
스튜디오,명
스트레스,명
스포츠,명
슬그머니,부
슬쩍,부
슬퍼하다,동
슬프다,형
슬픔,명
습관,명
습기02,명
승객,명
승리,명
승리하다,동
승부03,명
승용차,명
승진03,명
시06,명
시10,의
시13,명
시각03,명
시각04,명
시간04,의
시간04,명
시계01,명
시골,명
시금치,명
시기04,명
시기05,명
시끄럽다,형
시나리오,명
시내03,명
시내버스,명
시대02,명
시대적,명
시댁,명
시도07,명
시도하다03,동
시들다,동
시디01,명
시디롬,명
시리즈,명
시멘트,명
시민,명
시부모,명
시선03,명
시설03,명
시스템,명
시아버지,명
시야03,명
시어머니,명
시외01,명
시외버스,명
시원하다,형
시월01,명
시위04,명
시인10,명
시일04,명
시작01,명
시작되다01,동
시작하다01,동
시장03,명
시장04,명
시절01,명
시점02,명
시중03,명
시즌,명
시집01,명
시집03,명
시집가다,동
시청01,명
시청률,명
시청자,명
시키다01,동
시합01,명
시험03,명
식04,의
식구01,명
식기01,명
식다01,동
식당,명
식량03,명
식료품,명
식물02,명
식빵,명
식사03,명
식사하다02,동
식생활,명
식욕,명
식용유,명
식초,명
식탁,명
식품01,명
식품점,명
식히다,동
신02,명
신09,명
신경04,명
신고01,명
신고하다01,동
신규,명
신기하다01,형
신기하다04,형
신념01,명
신다,동
신라,고
신랑02,명
신문10,명
신문사,명
신문지,명
신발,명
신부04,명
신부10,명
신분02,명
신비02,명
신사16,명
신선하다03,형
신설03,명
신세02,명
신세대,명
신속하다02,형
신용01,명
신인07,명
신입생,명
신제품,명
신중하다,형
신청01,명
신청서,명
신청하다01,동
신체02,명
신체적,명
신호01,명
신호등,명
신혼부부,명
신혼여행,명
신화04,명
싣다01,동
실01,명
실감,명
실내,명
실력02,명
실례01,명
실례하다,동
실로01,부
실리다01,동
실망02,명
실망하다02,동
실수01,명
실수하다,동
실습,명
실시03,명
실시되다,동
실시하다03,동
실은,부
실장,명
실정04,명
실제02,부
실제02,명
실제로,부
실질적,명
실천01,명
실천하다01,동
실체02,명
실컷,부
실태02,명
실패02,명
실패하다01,동
실험,명
실현,명
실현되다,동
실현하다,동
싫다01,형
싫어지다,동
싫어하다,동
심각하다02,형
심각해지다,동
심다01,동
심리01,명
심리적,명
심부름,명
심사08,명
심심하다01,형
심장02,명
심정01,명
심판02,명
심하다,형
심해지다,동
십,수
십이월,명
십일월,명
싱겁다,형
싱싱하다,형
싶다,보
싶어지다,보
싸구려,명
싸다01,동
싸다05,형
싸우다,동
싸움,명
싹02,부
싼값,명
쌀,명
쌍02,명
쌍둥이,명
쌓다,동
쌓이다,동
썩01,부
썩다,동
썰다01,동
썰렁하다,형
쏘다01,동
쏟다,동
쏟아지다,동
쓰다01,동
쓰다02,동
쓰다03,동
쓰다06,형
쓰다듬다,동
쓰러지다,동
쓰레기,명
쓰레기통,명
쓰이다01,동
쓰이다03,동
쓴맛,명
쓸다02,동
쓸데없다,형
쓸데없이,부
쓸쓸하다,형
씌우다01,동
씨01,명
씨07,의
씨름,명
씨앗,명
씩씩하다02,형
씹다01,동
씻기다01,동
씻기다02,동
씻다,동
아02,감
아가씨,명
아기01,명
아까,부
아까,명
아깝다,형
아끼다,동
아나운서,명
아내01,명
아냐,감
아뇨01,감
아니01,부
아니02,감
아니다,형
아니야,감
아니요,감
아니하다,보
아드님,명
아들,명
아래01,명
아래쪽,명
아래층,명
아랫사람,명
아르바이트,명
아름답다,형
아마01,부
아마도,부
아무01,관
아무01,대
아무개,대
아무것,명
아무래도,부
아무런,관
아무렇다,형
아무리,부
아무튼,부
아버님,명
아버지,명
아빠,명
아쉬움,명
아쉽다,형
아스팔트,명
아시아,고
아아01,감
아예,부
아울러,부
아유01,감
아이01,명
아이02,감
아이고,감
아이디어,명
아이스크림,명
아저씨,명
아주01,부
아주머니,명
아줌마,명
아직01,부
아침,명
아파트,명
아프다,형
아프리카,고
아픔,명
아하,감
아홉,수
아흔,수
악기05,명
악몽,명
악수06,명
안01,명
안02,부
안04,명
안개,명
안경03,명
안과02,명
안기다01,동
안기다02,동
안내01,명
안내하다,동
안녕,감
안녕하다,형
안녕히,부
안다01,동
안동,고
안되다01,동
안되다02,형
안방02,명
안부01,명
안심하다,동
안전03,명
안전하다,형
안정01,명
안정되다,동
안주04,명
안쪽,명
안타깝다,형
안팎,명
앉다,동
앉히다,동
않다,동
않다,보
알01,명
알다,동
알려지다,동
알루미늄,명
알리다,동
알맞다,형
알아내다,동
알아듣다,동
알아보다,동
알아주다,동
알코올,명
앓다,동
암08,명
암시01,명
암컷,명
압력,명
앞,명
앞길01,명
앞날,명
앞두다,동
앞뒤,명
앞문,명
앞바다,명
앞서,부
앞서다,동
앞세우다,동
앞장서다,동
앞쪽,명
애01,명
애02,명
애쓰다,동
애인02,명
애정02,명
애초01,명
액세서리,명
액수03,명
앨범,명
야04,감
야간,명
야구02,명
야구장,명
야단01,명
야옹01,부
야외,명
야채,명
야하다01,형
약01,명
약03,관
약07,명
약간,명
약간,부
약국02,명
약속,명
약속하다,동
약수04,명
약점01,명
약품,명
약하다01,형
약해지다,동
약혼녀,명
약혼자01,명
얄밉다,형
얇다,형
양05,명
양07,관
양20,명
양25,의
양국01,명
양념,명
양력02,명
양말01,명
양배추,명
양보03,명
양보하다,동
양복01,명
양상추,명
양식03,명
양식04,명
양심02,명
양옆,명
양주04,명
양쪽,명
양파,명
얕다,형
얘02,감
얘03,불
얘기,명
얘기하다,동
어02,감
어기다01,동
어깨01,명
어느01,관
어느덧,부
어느새,부
어두워지다,동
어둠,명
어둡다,형
어디01,감
어디01,대
어때,불
어떠하다,형
어떡하다,불
어떤,관
어떻다,형
어려움,명
어려워지다,동
어렵다,형
어른01,명
어리다01,동
어리다03,형
어리석다,형
어린아이,명
어린애,명
어린이01,명
어린이날,명
어머,감
어머니01,명
어머님,명
어색하다02,형
어서01,부
어울리다,동
어저께,명
어제01,부
어제01,명
어젯밤,명
어지럽다,형
어째서,불
어쨌든,부
어쩌다01,동
어쩌다02,부
어쩌다가,부
어쩌면,부
어쩐지,부
어쩜,부
어찌,부
어찌나,부
어찌하다,동
억04,수
억울하다,형
언니,명
언덕,명
언론,명
언어01,명
언제01,부
언제01,대
언제나,부
언젠가,부
얹다,동
얻다01,동
얻어먹다,동
얼굴01,명
얼다01,동
얼른02,부
얼리다03,동
얼마,명
얼마간,명
얼마나,부
얼음01,명
얼핏,부
엄격하다02,형
엄마,명
엄숙하다,형
엄청나다,형
업다,동
업무02,명
업종01,명
업체,명
없다01,형
없애다,동
없어지다,동
없이,부
엇갈리다,동
엉덩이,명
엉뚱하다,형
엉망,명
엉터리,명
엊그제,부
엎드리다,동
에02,감
에너지,명
에어컨,명
엔01,의
엔진,명
엘리베이터,명
여07,명
여가03,명
여간,부
여건01,명
여겨지다,동
여고생,명
여관03,명
여군02,명
여권02,명
여기01,대
여기다,동
여기저기,명
여대생,명
여덟,수
여동생,명
여든,수
여러,관
여러분,대
여럿,명
여론02,명
여름01,명
여름철,명
여보01,감
여보세요,감
여섯,수
여성01,명
여왕,명
여우01,명
여유,명
여인01,명
여자02,명
여전하다,형
여전히,부
여직원,명
여쭈다,동
여학생,명
여행02,명
여행사,명
여행하다01,동
역06,명
역14,명
역사04,명
역사가,명
역사상02,명
역사적,명
역사학,명
역시01,부
역할,명
연간02,명
연결01,명
연결되다,동
연결하다01,동
연관06,명
연구03,명
연구소,명
연구실,명
연구원01,명
연구자,명
연구하다02,동
연극,명
연기05,명
연기09,명
연기10,명
연기되다01,동
연기자,명
연기하다01,동
연두색,명
연락02,명
연락처,명
연락하다02,동
연령01,명
연말02,명
연상하다02,동
연설02,명
연세02,명
연속02,명
연습03,명
연습하다03,동
연애05,명
연예인,명
연인06,명
연장05,명
연주06,명
연출02,명
연출하다,동
연필,명
연하다01,형
연합03,명
연휴02,명
열03,수
열07,명
열기07,명
열다02,동
열리다01,동
열리다02,동
열매01,명
열쇠,명
열심히,부
열정02,명
열중하다,동
열차02,명
열흘,명
엷다01,형
염려01,명
염려하다01,동
엽서02,명
엿보다,동
영03,부
영국,고
영남,명
영상01,명
영상03,명
영양05,명
영어02,명
영업,명
영역03,명
영웅,명
영원하다,형
영원히,부
영하,명
영향04,명
영향력,명
영혼02,명
영화01,명
영화관01,명
영화배우,명
영화제,명
옆,명
옆구리,명
옆방,명
옆집,명
예01,명
예06,감
예08,명
예감03,명
예고하다,동
예금01,명
예매하다01,동
예방02,명
예방하다01,동
예보,명
예비02,명
예쁘다,형
예산02,명
예상02,명
예상되다,동
예상하다,동
예선02,명
예순,수
예술,명
예술가,명
예술적,명
예습,명
예습하다,동
예식장,명
예약,명
예약하다,동
예외,명
예의06,명
예전01,명
예절,명
예정02,명
예정되다,동
예측하다,동
예컨대,부
옛01,관
옛날,명
옛날이야기,명
오02,감
오04,수
오가다,동
오늘,부
오늘,명
오늘날,명
오다01,보
오다01,동
오락01,명
오래02,부
오래간만,명
오래도록,부
오래되다,동
오래전,명
오랜,관
오랜만,명
오랫동안,명
오렌지,명
오로지,부
오르내리다,동
오르다,동
오른발,명
오른손,명
오른쪽,명
오리03,명
오븐,명
오빠,명
오십,수
오염,명
오염되다,동
오월01,명
오이01,명
오전02,명
오직01,부
오징어,명
오페라,명
오피스텔,명
오해02,명
오후02,명
오히려,부
옥상03,명
옥수수,명
온01,관
온갖,관
온도,명
온돌,명
온라인,명
온몸,명
온종일,명
온통,부
올02,명
올02,관
올가을,명
올라가다,동
올라서다,동
올라오다,동
올라타다,동
올려놓다,동
올려다보다,동
올리다01,동
올림픽,명
올바르다,형
올여름,명
올해,명
옮기다,동
옳다01,형
옷01,명
옷차림,명
와02,감
와이셔츠,명
와인,명
완벽하다,형
완성01,명
완성되다,동
완성하다01,동
완전01,명
완전하다01,형
완전히,부
왕04,명
왕비,명
왕자01,명
왜02,부
왜냐하면,부
왠지,부
외04,의
외갓집,명
외과01,명
외교01,명
외교관,명
외국02,명
외국어,명
외국인,명
외다02,동
외로움,명
외롭다,형
외면하다,동
외모02,명
외부02,명
외삼촌,명
외아들,명
외우다01,동
외제05,명
외출,명
외출하다,동
외치다01,동
외침01,명
외할머니,명
외할아버지,명
왼발,명
왼손,명
왼쪽,명
요03,관
요구03,명
요구되다,동
요구하다,동
요금01,명
요리05,명
요리사,명
요리하다02,동
요새01,명
요약하다02,동
요일,명
요즈음,명
요즘,명
요청,명
요청하다,동
욕02,명
욕실,명
욕심,명
욕하다,동
용09,명
용감하다,형
용기02,명
용기03,명
용도02,명
용돈,명
용서01,명
용서하다,동
용어02,명
우려01,명
우리03,대
우리나라,명
우리말,명
우산01,명
우선02,부
우수하다02,형
우습다,형
우승05,명
우승하다,동
우아하다,형
우연히,부
우울하다,형
우유02,명
우정02,명
우주02,명
우체국,명
우편04,명
우표,명
운06,명
운동02,명
운동복,명
운동장,명
운동하다,동
운동화,명
운명01,명
운반02,명
운영하다,동
운전02,명
운전기사,명
운전사,명
운전자,명
운전하다,동
운행02,명
울다01,동
울리다01,동
울리다02,동
울산,고
울음,명
울음소리,명
움직이다,동
움직임,명
웃기다,동
웃다,동
웃어른,명
웃음,명
웃음소리,명
워낙,부
원01,의
원02,감
원12,명
원고03,명
원래01,명
원서05,명
원숭이,명
원인02,명
원장07,명
원피스,명
원하다02,동
월02,의
월급,명
월드컵,명
월세,명
월요일,명
웨이터,명
웬01,관
웬만하다,형
웬일,명
위01,명
위05,의
위06,명
위기01,명
위대하다01,형
위로02,명
위로하다,동
위반03,명
위반하다02,동
위법01,명
위성06,명
위아래,명
위원01,명
위원장,명
위주,명
위쪽,명
위층,명
위치01,명
위치하다,동
위하다01,동
위험,명
위험성,명
위험하다,형
위협,명
윗몸,명
윗사람,명
유교02,명
유난히,부
유능하다,형
유럽,고
유리10,명
유리창01,명
유리하다01,형
유머,명
유명01,명
유명하다01,형
유물04,명
유발하다,동
유사하다03,형
유산07,명
유월01,명
유의하다02,동
유적08,명
유적지,명
유지되다,동
유지하다02,동
유치원,명
유학04,명
유학06,명
유학생01,명
유행02,명
유행하다01,동
유형07,명
육02,수
육군02,명
육상02,명
육십,수
육체03,명
육체적,명
으레01,부
으응,감
은04,명
은은하다02,형
은행02,명
은행나무,명
음01,감
음력02,명
음료,명
음료수,명
음반,명
음성02,명
음식,명
음식물02,명
음식점,명
음악01,명
음악가,명
음주,명
응01,감
응답하다,동
의견01,명
의논,명
의논하다,동
의도02,명
의도적,명
의류,명
의무01,명
의문02,명
의미02,명
의미하다02,동
의복01,명
의사02,명
의사12,명
의식03,명
의식04,명
의식하다02,동
의심03,명
의심하다,동
의외로,부
의욕,명
의원05,명
의자03,명
의존하다,동
의지06,명
의지하다,동
의하다01,동
의학02,명
이03,명
이04,의
이05,대
이05,관
이09,수
이같이,부
이거01,대
이것,대
이것저것,명
이곳,대
이곳저곳,명
이기다01,동
이끌다,동
이날,명
이내03,부
이내05,명
이념,명
이놈01,대
이다음,명
이달01,명
이대로,부
이데올로기,명
이동03,명
이동하다,동
이따가,부
이따금,부
이때,명
이래03,의
이래서,불
이러다,동
이러하다,형
이런01,관
이런저런,관
이렇게,불
이렇다,형
이력서,명
이론적,명
이롭다02,형
이루다01,동
이루어지다,동
이룩하다,동
이뤄지다,동
이르다01,동
이르다02,동
이르다03,형
이름,명
이리04,부
이리저리02,부
이마01,명
이모02,명
이미01,부
이미지,명
이민03,명
이발소,명
이번01,명
이별,명
이분01,대
이불01,명
이빨,명
이사14,명
이사장,명
이사하다01,동
이상05,명
이상09,명
이상12,명
이상적01,명
이상하다,형
이성08,명
이성10,명
이슬,명
이십,수
이야기,명
이야기하다,동
이어01,부
이어서,부
이어지다,동
이외01,명
이용01,명
이용되다,동
이용자,명
이용하다01,동
이웃,명
이웃집,명
이월01,명
이유04,명
이윽고,부
이익02,명
이자05,명
이전03,명
이제01,명
이제01,부
이제야,부
이중03,명
이쪽02,대
이튿날,명
이틀01,명
이하02,명
이해03,명
이해06,명
이해관계,명
이해되다,동
이해하다02,동
이혼03,명
이혼하다,동
이후02,명
익다01,동
익다02,형
익숙하다,형
익숙해지다,동
익히다01,동
익히다02,동
인02,명
인간01,명
인간관계,명
인간성,명
인간적,명
인격,명
인공01,명
인구01,명
인근,명
인기01,명
인도02,명
인류01,명
인물,명
인분80,의
인사01,명
인사02,명
인사03,명
인사말,명
인사하다,동
인삼,명
인삼차,명
인상01,명
인상03,명
인상06,명
인상적,명
인생01,명
인쇄,명
인식하다,동
인연03,명
인원,명
인재02,명
인정되다,동
인정받다,동
인정하다,동
인제01,명
인제01,부
인종01,명
인천,고
인천공항,고
인체,명
인터넷,명
인터뷰,명
인하01,명
인하다01,동
인형01,명
일01,명
일05,수
일07,의
일곱,수
일기11,명
일기12,명
일단01,부
일대01,관
일등,명
일반02,명
일반인,명
일반적,명
일본,고
일본어,명
일부02,명
일부러,부
일상04,명
일상생활,명
일상적,명
일생01,명
일손,명
일시적,명
일식04,명
일쑤,명
일어나다,동
일어서다,동
일요일,명
일월01,명
일으키다,동
일일이02,부
일자05,명
일자리,명
일정03,명
일정하다,형
일종03,명
일주일,명
일찍,부
일찍이,부
일체01,명
일치01,명
일치하다,동
일하다,동
일행01,명
일회용,명
일회용품,명
일흔,수
읽다,동
읽히다01,동
잃다,동
잃어버리다,동
임금01,명
임금03,명
임무01,명
임시02,명
임신02,명
임신부,명
임신하다,동
입,명
입구02,명
입국02,명
입다01,동
입대01,명
입력,명
입력하다,동
입맛,명
입사04,명
입사하다04,동
입술,명
입시04,명
입원01,명
입원하다01,동
입장04,명
입학,명
입학하다,동
입히다,동
잇다01,동
잇따르다,동
있다01,동
있다01,보
있다01,형
잊다01,동
잊어버리다,동
잊혀지다,동
잎01,명
자01,명
자04,감
자14,명
자18,의
자가용,명
자격04,명
자격증,명
자극01,명
자극하다,동
자기04,대
자기04,명
자꾸01,부
자꾸만,부
자네01,대
자녀01,명
자다01,동
자동01,명
자동차,명
자라나다,동
자라다01,동
자랑01,명
자랑스럽다,형
자랑하다01,동
자료03,명
자르다01,동
자리01,명
자리02,명
자매03,명
자부심,명
자살01,명
자살하다01,동
자세02,명
자세하다01,형
자세히,부
자식01,명
자신01,명
자신02,명
자신감,명
자연01,명
자연스럽다,형
자연적,명
자연현상,명
자연환경,명
자연히,부
자원04,명
자유03,명
자유롭다,형
자율,명
자장면,명
자전거,명
자정01,명
자존심,명
자주01,부
자체02,명
자취01,명
자판01,명
자판기,명
작가01,명
작년,명
작다01,형
작성01,명
작성하다,동
작아지다,동
작업01,명
작용01,명
작용하다01,동
작은딸,명
작은아들,명
작은아버지,명
작은어머니,명
작품01,명
잔03,명
잔디,명
잔디밭,명
잔뜩,부
잔치01,명
잘02,부
잘나다,형
잘되다,동
잘리다01,동
잘못,부
잘못,명
잘못되다,동
잘못하다,동
잘살다,동
잘생기다,형
잘하다,동
잠01,명
잠그다01,동
잠기다02,동
잠깐,부
잠깐,명
잠들다,동
잠바,명
잠수함02,명
잠시,명
잠시,부
잠옷,명
잠자다,동
잠자리01,명
잠자리02,명
잡다01,동
잡수다,동
잡수시다,동
잡아당기다,동
잡아먹다,동
잡지,명
잡히다02,동
장22,의
장25,명
장가01,명
장갑01,명
장관02,명
장군04,명
장기간,명
장기적,명
장난,명
장난감,명
장남03,명
장래,명
장례02,명
장례식,명
장르,명
장마01,명
장면04,명
장모01,명
장모님,명
장미05,명
장비07,명
장사01,명
장사꾼,명
장소05,명
장수01,명
장식05,명
장애인,명
장인02,명
장점02,명
장차02,부
장학금,명
잦다03,형
재능,명
재다02,동
재료01,명
재미01,명
재미없다,형
재미있다,형
재밌다,형
재빨리,부
재산,명
재생01,명
재수03,명
재우다01,동
재작년,명
재정05,명
재주01,명
재즈,명
재채기,명
재판06,명
재학02,명
재활용,명
재활용품,명
쟤,불
저03,대
저04,관
저04,대
저05,감
저거01,대
저것,대
저고리01,명
저곳,대
저기01,대
저기02,감
저녁,명
저녁때,명
저러다,동
저런01,관
저런02,감
저렇게,불
저렇다,형
저리01,부
저마다,부
저번02,명
저울01,명
저자05,명
저절로,부
저지르다,동
저쪽,대
저축03,명
저편,대
저희01,대
적03,의
적13,명
적극,명
적극적,명
적다01,동
적다02,형
적당하다02,형
적당히,부
적성05,명
적어도,부
적어지다,동
적용,명
적용되다,동
적용하다,동
적응02,명
적응하다02,동
적절하다,형
적합하다,형
적히다,동
전07,관
전08,관
전08,명
전개02,명
전개되다,동
전개하다02,동
전공05,명
전공하다01,동
전구10,명
전국03,명
전국적,명
전기09,명
전기12,명
전기15,명
전기밥솥,명
전날,명
전달03,명
전달되다,동
전달하다02,동
전라도,고
전망03,명
전망하다02,동
전문08,명
전문가,명
전문적,명
전문점,명
전문직,명
전반03,명
전반적,명
전부05,명
전부05,부
전선10,명
전설04,명
전세07,명
전시04,명
전시되다,동
전시장,명
전시하다01,동
전시회,명
전용04,명
전자06,명
전쟁,명
전주,고
전철04,명
전체01,명
전체적,명
전통06,명
전통문화,명
전통적,명
전하다,동
전해지다,동
전혀01,부
전화07,명
전화기,명
전화번호,명
전화하다02,동
전환03,명
전환하다02,동
전후01,명
절01,명
절02,명
절08,명
절대05,부
절대05,명
절대로,부
절대적,명
절망02,명
절반,명
절약,명
절약하다,동
절차02,명
젊다,형
젊은이,명
젊음,명
점10,의
점10,명
점검,명
점수06,명
점심,명
점심때,명
점심시간,명
점원01,명
점잖다,형
점점01,부
점차02,부
접근,명
접근하다,동
접다01,동
접시,명
접촉,명
접하다01,동
젓가락,명
젓다01,동
정20,명
정거장,명
정기07,명
정기적,명
정답,명
정당07,명
정도11,명
정류장,명
정리09,명
정리되다,동
정리하다,동
정말01,부
정말01,감
정말01,명
정말로,부
정면01,명
정문03,명
정반대,명
정보06,명
정보화,명
정부08,명
정비05,명
정상02,명
정상11,명
정상적,명
정성11,명
정식01,명
정신12,명
정신과,명
정신없이,부
정신적,명
정오01,명
정원06,명
정장04,명
정지06,명
정직하다01,형
정치03,명
정치권,명
정치인,명
정치적,명
정치학,명
정하다03,동
정해지다,동
정확하다01,형
정확히01,부
젖,명
젖다01,동
제거하다,동
제공04,명
제공하다02,동
제과점,명
제대로,부
제대하다,동
제도적,명
제목02,명
제발01,부
제법01,부
제비02,명
제사07,명
제삿날,명
제시02,명
제시되다,동
제시하다01,동
제안02,명
제안하다02,동
제약01,명
제외되다,동
제외하다,동
제의04,명
제의하다,동
제일04,명
제자01,명
제자리,명
제작02,명
제작하다02,동
제주도,고
제출02,명
제출하다02,동
제품02,명
제한01,명
제한되다,동
제한하다,동
조13,의
조15,의
조15,명
조각01,명
조각05,명
조개01,명
조건02,명
조그마하다,형
조그맣다,형
조금01,부
조금01,명
조금씩,부
조기05,명
조깅,명
조르다02,동
조명06,명
조미료,명
조사30,명
조사하다12,동
조상07,명
조선05,고
조심스럽다,형
조심하다02,동
조용하다01,형
조용히,부
조절02,명
조절하다02,동
조정09,명
조정하다06,동
조직,명
조카,명
조화되다,동
존경하다,동
존댓말,명
존재,명
존재하다,동
존중하다,동
졸다01,동
졸리다01,동
졸업,명
졸업생,명
졸업하다,동
졸음01,명
좀02,부
좁다01,형
좁히다01,동
종09,명
종13,명
종교,명
종교적,명
종로,고
종류02,명
종소리,명
종업원,명
종이01,명
종이컵,명
종일01,명
종종04,부
종합,명
종합하다,동
좋다01,형
좋아,감
좋아지다,동
좋아하다,동
좌석,명
좌우01,명
죄03,명
죄송하다,형
죄인,명
주03,관
주26,의
주26,명
주거02,명
주고받다,동
주관적,명
주년02,의
주다01,보
주다01,동
주로01,부
주름01,명
주름살,명
주말02,명
주머니,명
주먹,명
주무시다,동
주문03,명
주문04,명
주문하다01,동
주민,명
주방05,명
주변04,명
주부03,명
주사13,명
주소01,명
주스,명
주식03,명
주어지다,동
주요01,명
주요하다,형
주위02,명
주의07,명
주의하다01,동
주인01,명
주인공,명
주일03,의
주장03,명
주장하다01,동
주저앉다,동
주전자,명
주제04,명
주차04,명
주차장,명
주차하다01,동
주택,명
주한02,명
죽03,부
죽07,명
죽다01,동
죽다01,보
죽음01,명
죽이다01,동
준비,명
준비되다,동
준비물,명
준비하다,동
줄01,명
줄04,의
줄거리01,명
줄곧,부
줄기01,명
줄다,동
줄무늬,명
줄어들다,동
줄이다,동
줍다01,동
중04,의
중간01,명
중계방송,명
중국,고
중국어,명
중국집,명
중년01,명
중단04,명
중단되다,동
중단하다,동
중대하다01,형
중독01,명
중반03,명
중부03,명
중세02,명
중소기업,명
중순,명
중식80,명
중심01,명
중심지,명
중앙01,명
중얼거리다,동
중요02,명
중요성,명
중요시하다,동
중요하다02,형
중학교,명
중학생,명
쥐02,명
쥐다01,동
즉01,부
즉석,명
즉시,명
즐거움,명
즐거워하다,동
즐겁다,형
즐기다01,동
증가01,명
증가하다01,동
증거,명
증권01,명
증권사,명
증명하다,동
증상01,명
증세01,명
지02,의
지각04,명
지갑03,명
지겹다,형
지경02,의
지구03,명
지구04,명
지극히,부
지금03,부
지금03,명
지금껏,부
지급01,명
지급하다01,동
지나가다,동
지나다,동
지나치다,동
지나치다,형
지난날,명
지난달,명
지난번,명
지난주,명
지난해,명
지내다01,동
지능,명
지니다,동
지다02,동
지다03,동
지다04,동
지다05,동
지대07,명
지도03,명
지도09,명
지도자,명
지도하다,동
지루하다01,형
지르다03,동
지름길,명
지리산,고
지방05,명
지방09,명
지배하다01,동
지불하다01,동
지붕,명
지속되다,동
지속적,명
지시02,명
지시하다,동
지식02,명
지식인,명
지역03,명
지우개,명
지우다01,동
지우다05,동
지워지다,동
지원02,명
지원하다01,동
지위04,명
지저분하다,형
지적01,명
지적05,명
지적되다,동
지적하다,동
지점01,명
지점03,명
지지06,명
지진02,명
지출01,명
지치다01,동
지켜보다,동
지키다01,동
지폐,명
지하,명
지하도,명
지하철,명
지혜02,명
직선01,명
직업,명
직원03,명
직장05,명
직장인,명
직전02,명
직접,부
직접,명
직접적,명
직후,명
진급,명
진단02,명
진단하다,동
진달래,명
진동03,명
진로02,명
진료,명
진리,명
진실02,명
진실로,부
진실하다,형
진심01,명
진지하다,형
진짜,명
진짜,부
진찰02,명
진출02,명
진출하다02,동
진통01,명
진하다01,형
진행02,명
진행되다,동
진행자,명
진행하다,동
질08,명
질문,명
질문하다,동
질병02,명
질서03,명
질적,명
짐01,명
짐작,명
짐작하다,동
집01,명
집다01,동
집단,명
집단적,명
집안01,명
집안일,명
집어넣다,동
집중02,명
집중되다,동
집중적,명
집중하다02,동
짓01,명
짓다01,동
짙다02,형
짚다01,동
짜다01,동
짜다02,동
짜다03,형
짜증,명
짜증스럽다,형
짝01,명
짧다,형
짧아지다,동
쩔쩔매다,동
쪽02,명
쪽03,의
쪽05,의
쫓겨나다,동
쫓기다,동
쫓다,동
쭉,부
찌개01,명
찌꺼기,명
찌다01,동
찌다05,동
찌르다,동
찍다02,동
찍히다02,동
찢다,동
찢어지다,동
차03,의
차06,명
차08,명
차09,명
차갑다,형
차남02,명
차다01,동
차다02,동
차다03,동
차다04,형
차라리,부
차량01,명
차례01,명
차리다,동
차림,명
차마,부
차별,명
차선03,명
차이,명
차이점,명
차차01,부
차창,명
차츰,부
착각03,명
착각하다,동
착하다,형
찬물01,명
찬성01,명
찬성하다,동
참01,부
참01,감
참03,의
참가01,명
참가하다01,동
참고하다,동
참기름,명
참다,동
참되다,형
참새01,명
참석,명
참석자,명
참석하다,동
참여,명
참여하다,동
참외01,명
참으로,부
참조02,명
찻잔,명
창09,명
창가01,명
창고01,명
창구01,명
창문,명
창밖,명
창작,명
창조03,명
창조적,명
창조하다,동
창피하다,형
찾다,동
찾아가다,동
찾아내다,동
찾아다니다,동
찾아보다,동
찾아오다,동
채08,의
채09,의
채10,부
채널,명
채소,명
채우다03,동
채점,명
책01,명
책가방,명
책방01,명
책상01,명
책임,명
책임감,명
책임자,명
책임지다,동
챔피언,명
챙기다,동
처녀,명
처리02,명
처벌,명
처음,명
처지,명
척01,의
척08,의
척하다01,보
천01,명
천03,수
천03,관
천국01,명
천둥,명
천장02,명
천재03,명
천천히,부
철01,명
철02,명
철06,명
철도,명
철저하다,형
철저히,부
철학,명
철학자,명
철학적,명
첫,관
첫날,명
첫째,관
첫째,수
청년,명
청바지,명
청소06,명
청소기80,명
청소년,명
청소하다03,동
청춘01,명
청하다,동
체계적,명
체력,명
체온,명
체육,명
체육관,명
체조02,명
체중01,명
체하다01,보
체험,명
체험하다,동
쳐다보다,동
초03,의
초07,의
초기04,명
초대04,명
초대06,명
초대하다02,동
초등학교,명
초등학생,명
초록색,명
초반01,명
초밥,명
초보01,명
초보자,명
초상화,명
초순01,명
초여름,명
초원04,명
초저녁,명
초점03,명
초조하다,형
초청01,명
초청장,명
초청하다,동
초콜릿,명
촌스럽다,형
촛불,명
총03,명
총06,관
총각01,명
총리01,명
총장01,명
촬영,명
최고02,명
최고급,명
최근,명
최대,명
최대한,명
최상02,명
최선02,명
최소01,명
최소한,명
최신,명
최악,명
최저01,명
최종,명
최초,명
최후,명
추가02,명
추가되다,동
추가하다,동
추다02,동
추석01,명
추억,명
추위01,명
추진02,명
추진하다02,동
추천03,명
추천하다02,동
추측,명
축구04,명
축구공,명
축구장,명
축소02,명
축제01,명
축하,명
축하하다,동
출구01,명
출국,명
출근,명
출근하다,동
출발,명
출발점,명
출발하다,동
출산02,명
출석하다,동
출신,명
출연02,명
출연하다02,동
출입,명
출입국,명
출입문,명
출장01,명
출퇴근,명
출판02,명
출판사,명
출현하다,동
춤01,명
춤추다,동
춥다,형
충격02,명
충격적,명
충고,명
충돌,명
충돌하다,동
충분하다01,형
충분히,부
충청도,고
취미04,명
취소01,명
취소하다01,동
취업,명
취재02,명
취직,명
취하다01,동
취하다03,동
취향01,명
층02,명
치과,명
치다01,동
치다02,동
치다05,동
치다10,동
치료,명
치료법,명
치료하다,동
치르다,동
치마01,명
치아02,명
치약,명
치우다01,동
치우다01,보
치즈,명
친구02,명
친절,명
친절하다,형
친정04,명
친척,명
친하다,형
친해지다,동
칠01,수
칠십,수
칠월,명
칠판,명
칠하다,동
침01,명
침대02,명
침묵,명
침실,명
침착하다02,형
칫솔,명
칭찬,명
칭찬하다,동
카드,명
카레,명
카메라,명
카운터01,명
카페,명
칸01,명
칼01,명
칼국수,명
캄캄하다,형
캐나다,고
캐릭터,명
캠퍼스,명
캠페인,명
커다랗다,형
커지다,동
커튼,명
커피,명
컨디션,명
컬러01,명
컴퓨터,명
컵,명
케첩,명
켜다01,동
켜지다,동
코01,명
코끝,명
코끼리,명
코너,명
코드02,명
코미디,명
코스,명
코스모스01,명
코치,명
코트03,명
코피01,명
콘서트,명
콜라,명
콤플렉스,명
콩01,명
콩나물,명
쾌감,명
쿠데타,명
크기,명
크다01,형
크다01,동
크리스마스,명
크림,명
큰길,명
큰딸,명
큰소리01,명
큰아들,명
큰아버지,명
큰어머니,명
큰일01,명
큰절01,명
클래식,명
클럽,명
키01,명
키스,명
키우다,동
킬로,의
킬로그램,의
킬로미터,의
타고나다,동
타다01,동
타다02,동
타다03,동
타다04,동
타락02,명
타오르다,동
타입02,명
타자기,명
탁01,부
탁구,명
탁월하다,형
탁자01,명
탄생,명
탄생하다,동
탈출하다02,동
탑02,명
탓,명
태권도,명
태도03,명
태아02,명
태양02,명
태어나다,동
태우다01,동
태우다02,동
태풍,명
택시,명
택하다,동
탤런트,명
터01,명
터02,의
터널,명
터뜨리다,동
터미널,명
터지다,동
턱01,명
턱04,의
털,명
털다,동
텅01,부
테니스,명
테러,명
테스트,명
테이블,명
테이프,명
텍스트,명
텔레비전,명
토끼,명
토대,명
토론01,명
토론자,명
토론하다,동
토론회,명
토마토,명
토요일,명
토하다,동
톤01,의
통10,명
통12,의
통계04,명
통과,명
통과하다,동
통로,명
통신01,명
통역,명
통일02,명
통일하다,동
통장02,명
통제02,명
통증,명
통하다,동
통합,명
통화03,명
통화04,명
퇴근,명
퇴근하다,동
퇴원01,명
퇴원하다,동
퇴직금,명
투명하다02,형
투자02,명
투표01,명
튀기다01,동
튀김01,명
튀다,동
튀어나오다,동
트럭,명
트이다,동
특급02,명
특별,명
특별하다,형
특별히,부
특성01,명
특수02,명
특수성,명
특이하다,형
특정하다,형
특징,명
특히,부
튼튼하다,형
튼튼히,부
틀01,명
틀다,동
틀리다01,동
틀림없다,형
틀림없이,부
틈01,명
티브이,명
티셔츠,명
팀01,명
파01,명
파괴하다,동
파다01,동
파도,명
파란색,명
파랗다,형
파리,고
파리01,명
파악하다,동
파일03,명
파출소,명
파티,명
판01,명
판01,의
판08,명
판10,명
판결,명
판단,명
판단하다,동
판매,명
판매되다,동
판매하다,동
판사01,명
팔01,명
팔03,수
팔다,동
팔리다,동
팔십,수
팔월,명
팝송,명
패션01,명
팩03,명
팩스,명
팩시밀리,명
팬01,명
팬03,명
팬티,명
퍼센트,의
퍼지다,동
퍽02,부
페인트02,명
펴내다,동
펴다,동
편04,의
편05,의
편09,의
편견,명
편리하다,형
편안하다01,형
편의02,명
편의점,명
편지02,명
편하다,형
편히,부
펼쳐지다,동
평02,의
평03,명
평가03,명
평가되다,동
평가하다,동
평균,명
평범하다,형
평상시,명
평생,명
평소,명
평양,고
평일,명
평화02,명
평화롭다,형
폐지02,명
포근하다,형
포기하다01,동
포도06,명
포도주,명
포스터01,명
포인트,명
포장01,명
포장마차,명
포크01,명
포함02,명
포함되다01,동
포함하다02,동
폭06,명
폭넓다,형
폭력,명
표02,명
표04,명
표면,명
표시01,명
표시02,명
표시하다01,동
표시하다02,동
표정03,명
표준01,명
표현,명
표현되다,동
표현하다,동
푸다01,동
푸르다,형
푹01,부
풀01,명
풀02,명
풀다,동
풀리다,동
풀어지다,동
품01,명
품다01,동
품목01,명
품질03,명
풍경01,명
풍부하다,형
풍속01,명
풍습01,명
프랑스,고
프로03,명
프로04,명
프로그램,명
프린터,명
플라스틱,명
피02,명
피곤,명
피곤하다,형
피다01,동
피디,명
피로02,명
피로하다02,형
피망,명
피부02,명
피시03,명
피아노01,명
피우다01,동
피자,명
피하다,동
피해01,명
피해자,명
필름,명
필수02,명
필수적,명
필연적,명
필요,명
필요성,명
필요하다,형
필자02,명
필통,명
핑계,명
하04,명
하긴,부
하나,수
하나,명
하나님,명
하나하나,명
하나하나,부
하느님,명
하늘01,명
하다01,보
하다01,동
하도01,부
하드웨어,명
하루01,명
하룻밤,명
하반기,명
하숙집,명
하순01,명
하얀색,명
하얗다,형
하여튼,부
하지만,부
하천02,명
하품01,명
하필02,부
하하01,부
학과01,명
학교,명
학교생활,명
학급,명
학기02,명
학년,명
학력02,명
학번,명
학부모,명
학비,명
학생,명
학생증,명
학술,명
학습,명
학용품,명
학원02,명
학위,명
학자01,명
학점,명
한01,관
한05,명
한06,명
한가운데,명
한가하다02,형
한강,고
한겨울,명
한결,부
한계,명
한구석,명
한국,고
한국말,명
한국어,명
한국적,명
한글01,명
한글날,명
한꺼번에,부
한낮,명
한눈01,명
한데03,부
한동안,명
한두,관
한둘,수
한때,명
한라산,고
한마디,명
한문03,명
한반도,고
한밤중,명
한번,명
한복,명
한순간,명
한숨02,명
한식04,명
한여름,명
한자02,명
한잔,명
한잔하다,동
한정되다,동
한정하다01,동
한쪽,명
한참,명
한창01,부
한층,부
한편,부
한편,명
한평생01,명
한하다02,동
할머니,명
할아버지,명
할인01,명
함께,부
함께하다,동
함부로,부
합격,명
합격하다,동
합리적,명
합치다,동
합하다,동
항공,명
항공기,명
항구03,명
항상,부
항의01,명
해01,의
해01,명
해11,명
해결02,명
해결되다,동
해결하다,동
해군01,명
해내다,동
해답,명
해당05,명
해당되다,동
해당하다04,동
해롭다,형
해마다,부
해물,명
해석03,명
해석04,명
해석하다02,동
해설03,명
해소03,명
해소하다01,동
해수욕장,명
해안02,명
해외,명
해외여행,명
핵,명
핵심,명
핸드백,명
핸드폰,명
햄04,명
햄버거,명
햇볕,명
햇빛,명
햇살,명
행동,명
행동하다,동
행복02,명
행복하다,형
행사01,명
행사02,명
행운02,명
행위,명
행하다,동
행해지다,동
향03,명
향기01,명
향상01,명
향상되다,동
향수04,명
향하다,동
허가01,명
허락,명
허락하다,동
허리01,명
허용,명
허용되다,동
허용하다,동
허허01,부
헌,관
헤매다,동
헤아리다,동
헤어지다,동
헬기,명
혀01,명
현04,관
현관01,명
현관문,명
현금04,명
현대01,명
현대인,명
현대적,명
현상04,명
현실02,명
현실적,명
현장03,명
현재02,부
현재02,명
현지03,명
혈액,명
협력,명
형01,명
형05,명
형님,명
형부01,명
형사02,명
형성01,명
형성되다,동
형성하다,동
형수01,명
형식01,명
형식적,명
형제01,명
형태,명
형편01,명
혜택,명
호14,의
호기심,명
호남02,명
호랑이,명
호박01,명
호선80,의
호수07,명
호실01,명
호주,고
호주머니,명
호텔,명
호흡,명
혹시01,부
혹은,부
혼나다,동
혼자01,명
혼잣말,명
홀로,부
홈페이지,명
홍보01,명
홍수02,명
홍차,명
화06,명
화가03,명
화나다,동
화려하다,형
화면05,명
화분01,명
화살01,명
화요일,명
화장02,명
화장실,명
화장지01,명
화장품,명
화재01,명
화제07,명
화학01,명
확02,부
확대되다02,동
확대하다02,동
확립하다,동
확보01,명
확산되다,동
확신01,명
확신하다,동
확실하다,형
확실히,부
확인02,명
확인되다,동
확인하다,동
확장,명
확정02,명
환갑02,명
환경02,명
환경오염,명
환영02,명
환영하다,동
환율,명
환자03,명
환하다01,형
활기02,명
활동02,명
활동하다01,동
활발하다,형
활발해지다,동
활발히,부
활용,명
활용하다,동
활짝,부
회08,의
회견,명
회관,명
회복,명
회복되다,동
회복하다,동
회사04,명
회색01,명
회원,명
회의04,명
회의05,명
회장07,명
회전04,명
회화05,명
횟수,명
횡단보도,명
효과01,명
효과적,명
효도01,명
효도하다,동
효율적,명
효자01,명
후08,명
후기03,명
후반01,명
후배06,명
후보04,명
후춧가루,명
후회01,명
후회하다,동
훈련,명
훌륭하다,형
훔치다02,동
훨씬,부
휴가01,명
휴식02,명
휴일,명
휴지02,명
휴지통,명
흉내,명
흐려지다,동
흐르다01,동
흐름,명
흐리다01,동
흐리다02,형
흑백,명
흑인,명
흔들다,동
흔들리다,동
흔적,명
흔하다,형
흔히,부
흘러가다,동
흘러나오다,동
흘러내리다,동
흘리다,동
흙01,명
흥미,명
흥미롭다,형
흥분,명
흥분하다,동
흩어지다,동
희곡,명
희다,형
희망,명
희망하다,동
희생,명
희생하다,동
흰색,명
힘01,명
힘겹다,형
힘껏,부
힘들다,형
힘들어하다,동
힘쓰다,동
힘없이,부
힘차다,형
